1029, -1497.6489900000001, -500.93043, 0.044219999999957516
1025, -1498.86991, -501.00013, 6.21276999999996
1019, -1497.68275, -510.96013, 0.022910000000011976
1023, -1497.8526, -500.99068, -0.3349899999999781
1500, -1500.46439, -14.496279999999986, 0.2976599999999143
999, -1479.6428799999999, -500.40857, 0.019280000000001518
1022, -1480.67904, -500.48671, 0.706099999999946
1018, -1500.0, -500.8239, -0.4995500000000064
986, -1499.92063, -500.90705, -0.4205799999999912
1004, -1498.28892, -511.98715, -0.21877000000000146
1013, -1498.57909, -500.98085, -0.3821800000000136
972, -1498.30193, -500.33204, 0.36869999999998404
978, -1489.48963, -501.47744, -0.3214699999999815
980, -1499.7099600000001, -501.48439, -0.4234300000000324
973, -1480.7868199999998, -501.68339, 1.7788300000000667
975, -1487.4283999999998, -500.66691, 13.932489999999905
998, -1500.0, -501.9884, -0.499609999999997
986, -1495.42085, -500.34154, -0.21945000000000325
980, -1499.56343, -501.46827, -0.4172600000000033
980, -1490.10385, -501.48057, 0.5578700000000185
981, -1489.6238899999998, -508.36545, -0.16246000000000094
981, -1483.9150599999998, -501.08291, 0.2380400000000662
982, -1500.0, -500.98873, -0.4205999999999781
975, -1478.15369, -500.83714, 20.92227000000002
966, -1498.5025099999998, -508.75696, 0.21009000000004052
1500, -1261.23566, -20.99835000000004, 249.49996999999996
1248, -1495.8746599999997, -500.6379, 249.5000499999999
973, -1500.0, -500.9886, -0.4995800000000372
984, -1500.0, -500.48742, 2.04182999999993
1119, -1601.8534300000001, -509.44034, 5.663999999999939
1024, -1498.94627, -506.49984, -0.4171800000000032
1016, -1498.95398, -501.96575, 0.20942999999998402
1002, -1489.43849, -500.94045, -0.023009999999961117
991, -1484.43185, -501.05647, 0.04620000000001867
1008, -1500.0, -501.93932, 0.07506999999994601
976, -1499.91885, -500.43112, 1.2263800000000185
998, -1491.3678, -501.93513, 0.24542999999999981
979, -1489.6761900000001, -501.99008, -0.04930999999999797
1098, -1607.19, -502.0627, -0.018759999999995447
995, -1483.896, -502.04295, 0.4607299999999559
1221, -1479.5415699999999, -500.99438, 249.00004
1236, -1464.68263, -503.71529, 248.99985999999998
1472, -1465.0024000000003, -511.06185, 249.00001999999986
1216, -1478.00137, -506.48376, 247.50015000000002
960, -1480.74231, -510.91725, -0.014769999999978412
1461, -1464.9724899999999, -501.47416, 249.50000000000003
1196, -1484.9835399999997, -500.72343, 249.5000499999999
1500, -999.4110699999999, -20.974690000000123, 249.50000000000003
961, -1498.88735, -501.0061, -0.3376299999999338
950, -1474.4183600000001, -500.27332, 6.7103600000000405
951, -1497.7003399999999, -500.42866, 0.007499999999967644
946, -1485.95416, -500.96506, 0.7325999999999495
1500, -1002.39735, -20.19004000000004, 248.99985999999998
987, -1485.73399, -500.93117, 0.11517000000001865
961, -1500.0, -500.95093, -0.49959000000001197
1428, -1480.0652599999999, -501.43002, 249.4999
944, -1480.47273, -501.88834, 0.8811400000000438
968, -1499.64687, -500.49228, 0.4522700000000661
1439, -1443.37496, -504.29903, 248.99993999999992
961, -1484.75387, -500.55849, 0.0352700000000028
1500, -1513.29181, -14.138000000000012, 18.82542000000011
962, -1485.18321, -500.49518, 19.115659999999988
1500, -1509.88728, -14.999770000000012, 0.06944999999999535
972, -1500.0, -500.45707, -0.41835999999999685
984, -1485.4994100000001, -500.41842, 0.00954000000002786
987, -1497.72794, -500.45539, -0.45688000000000006
966, -1486.63215, -510.99926, 12.212769999999985
1185, -1488.6308900000001, -501.15374, 248.99992999999995
1340, -1835.5392200000001, -502.47044, 3.7306200000000187
995, -1498.28362, -508.50957, -0.4142599999998957
978, -1499.17822, -500.48804, 0.017240000000059652
961, -1486.20029, -500.51989, 16.047140000000052
961, -1497.9520800000003, -501.98461, 2.203739999999934
957, -1491.3804799999998, -501.88435, 0.13825000000006615
954, -1491.3843000000002, -501.2905, 0.09373000000001874
952, -1498.7535300000002, -501.81087, -0.41711999999995564
1208, -1471.91174, -502.08114, 248.99993999999992
951, -1483.9807799999999, -501.40822, 18.727279999999986
962, -1489.7737900000002, -502.18126, -0.21856000000000098
967, -1500.0, -502.31957, -0.4957900000000034
958, -1489.63498, -502.48502, -0.10707999999999718
1176, -1500.0141099999998, -501.96295, 249.50001
943, -1499.64489, -508.98969999999997, -0.4923899999999969
962, -1490.61618, -501.01042, 6.760319999999984
958, -1490.75698, -509.86731, 1.1475000000000315
1500, -1534.53006, -14.000779999999898, 0.07342000000001869
979, -1499.73908, -500.36743, -0.26309999999998146
977, -1489.6980800000001, -507.8588, 0.2783400000000187
963, -1470.25933, -502.08454, 11.00271000000002
962, -1499.37843, -500.43217, -0.42630999999999686
968, -1500.0, -500.43117, -0.4199499999999968
1117, -1600.57118, -500.92327, 0.03069000000002209
997, -1500.0, -500.48466, -0.4168500000000268
1006, -1495.3933, -500.9033, 1.4617499999999177
967, -1497.5538299999998, -500.48787, 0.1745699999999859
976, -1500.0, -500.82098, -0.49957000000002694
962, -1499.7597, -500.98969, -0.4584399999999783
975, -1500.0, -500.48764, -0.4953399999999716
1195, -1474.82548, -500.49706, 248.99993999999998
944, -1492.95725, -512.3889, 8.730429999999917
960, -1483.77836, -506.67742, 1.088379999999999
960, -1499.36854, -506.98493, -0.479199999999978
1500, -783.23799, -33.445459999999954, 249.49988999999988
953, -1491.20571, -500.7476, -0.14429999999999943
982, -1483.8614499999999, -500.20918, 11.61450000000002
1242, -1752.5548800000001, -501.15354, 18.86675000000002
1410, -1895.2991000000002, -501.40703, 8.315529999999951
987, -1465.5130400000003, -501.88554, 24.237870000000036
1457, -1444.1161700000002, -502.38876, 249.00001000000003
1458, -1480.2157700000002, -500.3412, 248.99994000000007
1201, -1470.79068, -501.10918, 248.99998000000005
963, -1489.37423, -500.62835, 15.533650000000002
958, -1483.44637, -500.3255, 6.17305999999993
1413, -1483.8926900000001, -501.61038, 249.50019999999995
963, -1485.18124, -502.15218, 4.726380000000107
961, -1486.12174, -505.99709, -0.07253000000002618
966, -1499.45396, -500.48639, 10.891070000000003
1462, -1464.22185, -500.37482, 249.50003999999993
1181, -1480.00436, -500.96018, 248.99994000000007
1191, -1462.5402399999998, -509.30192999999997, 249.00002
1500, -550.42291, -20.986469999999954, 249.4999
956, -1487.98843, -500.84827, 3.2864599999998854
1192, -1500.03, -508.29353, 249.50004000000007
960, -1499.40581, -503.97829, 0.7986900000000186
960, -1499.4565200000002, -513.48181, 0.23094000000001857
1212, -1460.50649, -500.89369, 248.99997999999997
1500, -1009.40975, -21.04044999999998, 249.4999700000001
1212, -1484.6388499999998, -500.33091, 249.49996999999996
1221, -1499.9845799999998, -500.96679, 249.50003999999993
956, -1499.7126600000001, -500.32938, -0.4931100000000071
962, -1496.0092599999998, -500.98308, 6.882239999999991
959, -1482.48417, -500.66333, 1.2683699999999298
950, -1482.24593, -500.09114, 2.6444500000000066
951, -1482.97828, -500.35020000000003, -0.02052999999997862
957, -1482.2832600000002, -507.28496, -0.009100000000001884
966, -1482.99908, -500.61358, 11.146559999999916
1200, -1461.5760999999998, -500.11814, 248.99979000000002
1445, -1462.5185, -500.65052000000003, 248.99979000000002
1195, -1499.40522, -500.49809, 249.00003999999996
1210, -1487.6281000000001, -509.24831, 249.49989000000002
1445, -1486.5329900000002, -501.41266, 249.50001
942, -1475.27667, -501.86634, 0.15698999999998575
1446, -1462.2852, -501.7475, 249.50005000000004
1169, -1458.88493, -501.48659, 249.00001999999995
1202, -1463.9844199999998, -501.9108, 249.00004
939, -1500.0, -500.48771, -0.4995800000000372
1500, -1278.8317000000002, -14.999769999999977, 248.99986000000007
984, -1489.2930600000002, -500.39422, -0.09905000000000053
1202, -1460.04239, -501.90077, 249.00001
1500, -803.4934800000001, -20.449570000000133, 249.00009999999995
945, -1483.77895, -500.82021, 6.340959999999985
954, -1463.88864, -501.4259, 0.349189999999977
1500, -765.6271700000001, -33.523369999999915, 248.99979000000002
966, -1500.0, -501.98894, -0.49584999999999035
953, -1486.07951, -501.67315, -0.028820000000069346
954, -1487.6468200000002, -501.50367, 0.048060000000023084
954, -1482.41008, -501.80371, 2.2543200000000665
1195, -1499.9982599999998, -501.45709, 249.4999
1202, -1466.9445299999998, -500.81827, 247.99996000000007
1500, -737.5904499999999, -13.999409999999983, 248.99986000000007
976, -1482.8633, -500.57504, 3.8911600000000313
1199, -1483.15274, -501.16155, 249.4999
940, -1500.0, -500.81929, -0.49947999999997805
1207, -1480.03715, -500.45462, 248.99978000000004
1192, -1482.23716, -500.94589, 249.00000000000003
946, -1471.9211300000002, -499.98538, 3.7686100000000184
1448, -1482.34748, -508.87844, 249.4999
1500, -1028.6193700000001, -46.63949999999996, 248.99998000000005
965, -1481.84805, -500.49982, -0.04704000000012032
1184, -1482.50887, -501.16802, 249.49999999999994
1500, -468.60468000000003, -20.490000000000002, 248.99994000000007
952, -1482.1812699999998, -500.48364, 2.0961900000000186
967, -1481.7434200000002, -501.20121, 0.0516599999999956
1188, -1479.8398499999998, -505.91462, 235.99712000000005
1455, -1440.40784, -500.33404, 248.99978000000004
1500, -204.76651999999984, -20.9614300000001, 249.4999700000001
1207, -1499.67704, -500.82735, 249.50002
1500, -792.2835699999999, -21.08379999999996, 249.50005000000004
1436, -1463.14999, -500.18395, 248.99986000000013
966, -1498.2424099999998, -505.40324, -0.009170000000000567
1216, -1482.86398, -505.06804999999997, 249.49989000000002
977, -1481.7596099999998, -500.85375, -0.021829999999977145
966, -1481.63137, -500.9878, 3.9539199999999237
954, -1481.7652899999998, -500.62748, 12.632050000000019
1455, -1461.37438, -511.73909, 249.50000000000003
1500, -484.9313599999999, -20.976799999999958, 249.4999
945, -1481.25216, -500.31912, 0.047830000000006256
949, -1481.50049, -500.92404, 12.219459999999948
1500, -783.1038700000001, -20.39587999999998, 249.4999700000001
950, -1482.32539, -500.57404, 20.358469999999986
949, -1480.1798600000002, -501.31959, 12.182090000000008
951, -1499.9999999999998, -500.98819, -0.4182899999999814
957, -1480.74229, -501.09677, 1.9335299999999247
1186, -1499.99968, -501.4995, 249.49998999999997
949, -1500.0, -501.82404, 1.0211199999999838
1500, -1267.08558, -14.65736000000003, 248.99985999999998
1471, -1461.34705, -500.79869, 249.50004
946, -1479.89637, -500.82735, 26.431779999999986
966, -1499.8202800000001, -500.49241, -0.016210000000038693
1500, -821.78342, -20.980679999999982, 249.49997000000002
951, -1481.01629, -500.80965, 5.505360000000019
1165, -1460.72795, -500.79448, 248.99994000000007
953, -1480.7632200000003, -512.40848, 5.218340000000019
988, -1480.6328800000001, -500.33656, 4.4344499999999005
963, -1478.15701, -500.48563, 0.05860999999998784
1183, -1484.5601499999998, -501.44094, 249.49989000000002
942, -1476.19883, -502.06171, 7.982559999999971
964, -1481.16424, -500.31623, 9.556300000000018
1420, -1480.97917, -501.74315, 249.4999700000001
1433, -1457.65418, -500.38921, 248.99985999999998
939, -1480.7430100000001, -509.93644, 0.059520000000001794
1199, -1455.70507, -500.84078, 248.99979000000002
958, -1482.5319200000001, -501.13194, 1.994719999999984
945, -1486.38363, -500.09331, -0.013079999999996428
1186, -1481.7033099999999, -513.32364, 248.99979000000002
1177, -1463.49356, -501.50743, 247.99971999999997
935, -1484.7735, -514.03488, 4.361760000000031
1433, -1439.6891, -500.44774, 249.00002
936, -1498.9340699999998, -502.47745, 0.5823200000000184
1422, -1500.14819, -500.29604, 249.49996999999996
1176, -1499.17446, -500.47099, 249.50001
921, -1499.6387399999999, -509.47414, -0.4954999999999982
959, -1499.1889500000002, -500.43467, -0.10217999999998151
943, -1480.94009, -500.62292, 0.24193000000000353
1173, -1498.61158, -500.30144, 249.49999999999994
1500, -1002.75089, -20.996609999999958, 249.50005
975, -1487.18085, -500.54571, 5.311580000000018
948, -1500.0, -500.98918, -0.3106900000000983
1438, -1465.7751499999997, -501.92091, 249.49989000000002
1500, -748.0875700000001, -20.97715999999998, 249.49996999999996
1500, -1259.9756, -14.998110000000013, 248.99989999999997
966, -1498.70251, -500.92626, -0.06487999999996275
960, -1499.7304000000001, -500.48053, -0.49311999999999684
962, -1480.40177, -502.08844, -0.03480999999999845
960, -1499.7259000000001, -513.31791, 0.2195299999999838
959, -1480.80986, -500.898, 0.43757000000001867
1089, -1592.29783, -506.31643, 6.132660000000069
1005, -1496.7603900000001, -500.86454, -0.38420999999999816
978, -1499.56047, -500.31686, -0.423550000000038
990, -1500.0000000000002, -501.48717, 0.033069999999881805
981, -1480.52286, -501.515, 1.8541499999999496
1500, -808.17473, -21.97452000000006, 249.50006000000002
1500, -711.5879799999999, -20.935319999999933, 249.49997000000002
1238, -1499.9991699999998, -509.45905, 249.49989000000002
984, -1500.0, -500.37628, -0.4499999999999999
957, -1500.0, -500.48682, -0.4976699999999781
1202, -1480.1319600000002, -500.2917, 248.99993999999992
1460, -1480.00957, -500.43017, 248.99994000000007
1500, -225.30991, -20.995410000000007, 249.49989000000002
968, -1499.16835, -500.37796, 8.157469999999984
1441, -1480.8522999999998, -509.49163, 249.49982000000006
1216, -1480.0422999999998, -501.95976, 248.99979000000002
1192, -1499.9998500000002, -500.45991, 249.49988999999988
964, -1500.0, -500.98895, -0.49963000000001756
958, -1500.0, -500.93423, -0.43778000000001605
947, -1480.6493799999998, -500.63386, 13.151610000000018
965, -1479.85862, -500.16066, 1.5275599999999487
1438, -1480.92052, -505.0635, 249.4999700000001
945, -1500.0, -500.48727, -0.4996500000000026
956, -1486.29801, -501.6291, 2.1625799999999717
1500, -269.22675000000004, -20.966540000000006, 249.49981000000008
951, -1500.0, -514.48804, -0.4942300000000379
1500, -740.2152000000001, -20.980239999999956, 249.4999
1500, -781.4184499999999, -20.488859999999974, 248.99979000000002
933, -1498.34332, -500.42931, 33.252330000000015
935, -1499.54611, -500.43497, -0.4903499999999894
945, -1500.0, -500.4347, -0.4998799999999992
1500, 1053.4649399999998, -21.132499999999986, 249.50012999999984
943, -1500.0, -505.4867, 4.155449999999984
946, -1498.9828200000002, -500.89435, 4.666269999999997
957, -1495.58366, -500.44478, 3.1575099999999017
1414, -1479.0586600000001, -500.25546, 249.49996999999996
1174, -1460.1045199999999, -500.88743, 235.99839000000003
1422, -1454.85839, -500.99475, 249.00002
935, -1499.78319, -510.9891, -0.4946900000000062
1500, -26.794339999999806, -20.93504, 249.50011999999987
1500, -506.73712000000006, -20.96776999999998, 249.50001
967, -1499.8341599999999, -500.989, -0.02157000000002629
1177, -1460.8271600000003, -500.44879, 248.99997999999997
1500, -806.2492400000001, -21.02771999999994, 249.50005
950, -1500.0, -500.48961, -0.4995699999999914
949, -1500.0, -500.32218, -0.4955399999999781
946, -1481.05863, -500.74268, 0.009990000000101862
1199, -1480.6973400000002, -501.16747, 249.5
1184, -1480.03405, -500.95595, 247.9997999999999
1185, -1461.16785, -500.30493, 249.00004999999993
1435, -1460.0415799999998, -500.42374, 248.9998700000001
1500, -791.7612899999999, -21.009940000000093, 249.4999700000001
948, -1500.0, -500.97874, 14.167120000000018
934, -1500.0, -500.47076, -0.4995699999999914
1208, -1460.5953599999998, -500.59232, 249.00006000000005
1500, 21.263950000000023, -20.999800000000125, 249.49989000000002
1203, -1460.5034500000002, -500.37926, 248.99979000000002
1500, -286.22664, -20.959249999999937, 249.49996999999996
1180, -1459.97298, -500.47284, 249.00002
1183, -1460.0629099999999, -500.80568, 248.9997799999999
946, -1479.52433, -502.16627, 16.69470000000002
964, -1479.92886, -500.5449, 11.1866699999999
1182, -1479.87848, -501.52376, 248.99985999999998
1213, -1480.07404, -500.96471, 249.00005999999996
1215, -1479.4574499999999, -504.13092, 248.99985999999998
1500, -1229.4937599999998, -14.085249999999872, 247.49947000000006
1203, -1463.7676099999999, -500.75891, 248.99979000000002
1500, -477.09587000000005, -20.477879999999978, 249.00008999999997
1204, -1480.55501, -500.21994, 249.00008999999997
1441, -1460.74136, -511.17928, 249.50002999999998
1500, -1020.7724499999999, -20.980839999999983, 249.49989000000002
974, -1499.6507900000001, -500.48993, -0.4164399999999968
1500, -514.6161599999999, -22.376159999999835, 249.49988999999988
1206, -1461.39995, -500.34841, 248.99997999999997
1092, -1359.91604, -509.2133, 248.99985999999998
960, -1480.2782399999999, -505.8456, 1.7971600000000665
960, -1479.43149, -506.52547, 18.132460000000073
1204, -1474.6527700000001, -500.44114, 249.00005
1500, -275.51497999999987, -20.961759999999995, 249.50005000000004
1200, -1499.83912, -502.95818, 248.99985999999998
945, -1500.0, -500.98095, -0.41935000000003797
932, -1480.7265200000002, -500.51414, 18.004699999999957
972, -1480.15632, -501.11412, 5.138839999999984
965, -1479.12596, -500.94276, 1.367949999999984
946, -1480.85418, -501.92801000000003, 0.00785999999998177
938, -1477.79704, -500.64395, 9.346260000000067
1214, -1499.99614, -505.45538, 249.50003999999993
1500, -805.7387, -20.994910000000125, 249.4999
1208, -1480.00387, -500.07323, 249.49989000000002
954, -1479.9680600000002, -501.29762, 0.13168999999999986
1177, -1458.5359600000002, -500.42241, 249.00001
961, -1480.7849199999998, -500.49904, 0.04249000000000169
1207, -1480.08022, -500.44078, 247.99994999999996
1202, -1500.05827, -500.00234, 249.00005
1450, -1460.64428, -500.71071, 248.99993999999992
1500, -1517.2699400000001, -32.14827999999999, 16.75907000000001
958, -1500.0, -500.48442, -0.49650999999989587
948, -1499.67626, -500.31974, 0.6360400000000066
1228, -1451.77618, -500.6248, 248.99993999999992
966, -1480.44472, -500.98772, 0.018190000000020135
959, -1500.0, -500.48668, -0.49971999999996797
1209, -1499.9899500000001, -500.83344, 249.00001000000003
1197, -1479.79396, -500.50283, 248.00014
1438, -1460.0393, -500.96162, 248.99990000000008
1500, -999.5845300000001, -14.19896000000004, 248.00003000000004
1184, -1473.21455, -501.25022, 248.00003
960, -1479.96804, -500.88661, 1.2619500000000188
950, -1480.4837, -500.96463, 43.97865999999999
977, -1480.4991599999998, -500.83227, 3.460120000000007
1211, -1460.5626900000002, -500.23625, 248.9997799999999
1500, -503.01076, -21.98613999999994, 248.9998700000001
1193, -1498.7299200000002, -501.30688, 249.4999
961, -1500.0, -501.97728, -0.49961000000003253
963, -1480.51244, -500.99818, -0.03154000000000323
1500, -531.9581299999999, -20.824679999999983, 249.50003999999993
1431, -1460.68346, -500.42125, 249.00002000000015
1448, -1478.7472500000001, -512.58239, 249.50003999999993
1434, -1459.3173199999999, -501.61641, 249.00002
1500, -754.7589300000001, -20.990480000000076, 249.4999700000001
1207, -1499.83932, -499.9987, 249.50001
1208, -1461.0734200000002, -500.93943, 249.00004999999996
1186, -1477.96499, -499.41622, 249.00002999999998
963, -1500.0, -500.48894, 2.0402199999999837
978, -1500.0, -500.32059, -0.4995299999999503
970, -1499.1309899999999, -500.9941, -0.3085799999999833
1500, -757.6267, -14.502930000000058, 249.49996999999996
1500, -536.4322799999999, -20.68785999999998, 249.49988999999988
1434, -1480.1985799999998, -500.50366, 249.50007999999997
958, -1480.30098, -500.49367, 1.1855499999999584
1500, -251.10746999999998, -21.248540000000077, 249.49989000000002
1500, -288.86555999999996, -21.97957000000008, 249.49989000000002
1426, -1500.02306, -507.7908, 249.49997000000002
1500, -1271.99257, -20.524710000000002, 248.99978000000004
987, -1478.9845500000001, -501.58476, 11.77214000000002
1500, -523.5735299999999, -21.01109999999998, 249.49989000000002
1188, -1480.03158, -500.37777, 248.99979000000002
1412, -1435.9939299999999, -500.89485, 248.99985999999998
1200, -1476.16258, -500.36004, 249.0000099999999
1206, -1479.99233, -500.6208, 249.49996999999996
934, -1496.28132, -500.82175, 1.4003299999999976
1500, -792.4837100000002, -20.982750000000006, 249.4999700000001
970, -1499.78869, -500.46771, 0.001930000000018639
978, -1500.0, -500.93117, 9.86346000000002
1195, -1498.35628, -501.97844, 249.50001
1187, -1465.31614, -501.84633, 248.99985999999998
1500, 27.726629999999886, -20.88228999999998, 249.49989000000002
1227, -1743.68132, -500.43112, 8.711809999999957
962, -1500.0, -500.82102, -0.4996000000000045
1438, -1499.99748, -500.42233, 249.4999
945, -1500.0, -502.49085, -0.3346499999999557
957, -1500.0, -501.96223, 11.200600000000067
1500, -488.95227000000006, -20.887350000000005, 249.50012000000015
1500, -758.99539, -20.95706000000001, 249.49989000000002
953, -1499.80511, -500.4876, 14.374520000000018
947, -1478.92917, -500.06846, 18.16127000000002
960, -1481.3221199999998, -499.91057, -0.16689000000000087
1500, -492.74643000000015, -20.97721999999998, 249.49989000000002
971, -1479.74064, -500.89502, 6.7861899999999675
1199, -1480.4166899999998, -500.66247, 247.49977
1500, -11.993020000000115, -33.93682999999994, 249.49996999999996
958, -1500.0, -500.48763, -0.4995699999999914
1500, 262.27991000000014, -21.13758999999998, 249.50004000000007
1500, -822.5934900000002, -20.97397999999998, 249.4999
981, -1480.09339, -500.49499000000003, 4.03341999999993
1195, -1480.0046699999998, -500.28933, 248.99985999999998
971, -1500.0, -500.98746, -0.4984600000000071
1198, -1479.4108999999999, -501.06342, 249.00008999999997
1500, 1059.84377, -20.987339999999982, 249.50013000000013
1500, -780.1967599999999, -20.984429999999982, 249.4999
1500, -1526.0849200000002, -14.933580000000001, -0.010970000000003477
997, -1463.52308, -501.40258, 0.28180000000000094
999, -1480.07573, -501.22275, 19.20511000000002
1500, -505.01338999999996, -20.45277999999987, 248.99992999999995
1213, -1479.55132, -500.28517, 248.49975
1500, -761.1302100000001, -22.336999999999954, 249.49989000000002
953, -1499.18949, -501.82075, 13.274950000000064
1451, -1459.5365199999999, -508.73693000000003, 248.99985999999998
1189, -1480.03473, -500.45357, 248.99985999999998
1186, -1461.43505, -500.36232, 248.99985999999998
1433, -1441.03829, -500.38686, 248.99989999999997
1202, -1480.38226, -500.49028, 249.5000100000001
1500, -1273.7202, -20.985730000000096, 249.49989000000002
974, -1499.53151, -500.93008, -0.4234799999999893
964, -1500.0, -503.44357, -0.41788999999998655
1216, -1461.68412, -512.7871, 248.99993999999998
960, -1479.8250399999997, -507.31204, 0.6680800000000187
1457, -1459.09313, -500.54239, 249.50001
1500, -1540.0578300000002, -18.477719999999984, 1.3341399999999242
1500, -728.67326, -20.916089999999983, 248.99997999999997
965, -1476.78473, -499.96559, 6.058000000000007
1500, -512.6949800000001, -20.493500000000004, 249.00024000000002
973, -1500.0, -500.48555, 0.11899000000002202
953, -1480.37539, -500.71565, 0.12393999999999794
961, -1500.0, -500.32112, -0.49957000000006246
1198, -1498.52711, -500.00322, 249.50006000000002
964, -1500.0, -500.98813, -0.49434999999999685
1213, -1459.71977, -501.38308, 248.99994000000007
951, -1499.5559900000003, -500.31017, 0.35529999999997175
951, -1500.0, -501.488, -0.3307600000000156
1439, -1474.2667099999999, -500.32296, 249.0003999999999
964, -1474.2073800000003, -500.69352, 22.6276900000001
1199, -1472.48365, -513.98168, 248.99979000000002
960, -1475.6895299999999, -507.03276999999997, 9.239420000000031
982, -1499.8392, -500.56672, -0.4197400000000062
1206, -1460.2337700000003, -500.92663, 247.4996200000001
961, -1479.06803, -499.97387, 3.7840599999999833
1500, -239.00110999999993, -21.248779999999932, 249.50008000000003
968, -1499.20534, -500.4865, 1.6234099999999243
957, -1499.6625999999999, -500.32126, 0.5059199999999586
1426, -1444.06251, -502.95858, 249.00002000000003
1500, -501.88748, -20.999319999999898, 249.50012000000015
1466, -1500.06745, -500.25413, 249.49996999999996
981, -1479.5626200000002, -500.24009, 0.08316000000001855
1500, -766.6959200000001, -20.96962999999998, 249.49996
976, -1499.65582, -500.48797, -0.4958299999999994
994, -1500.0, -500.31955, -0.4996500000000026
967, -1500.0, -506.47509, -0.4995699999999914
972, -1500.0, -500.98524, -0.4996099999999615
1204, -1459.18628, -500.28408, 248.99985999999998
1215, -1478.92362, -500.40531, 249.49989000000002
960, -1499.2174200000002, -500.99209, 0.025629999999878805
1500, -775.7001599999999, -20.939290000000042, 249.49989000000002
1445, -1460.0303, -504.9415, 249.4999
965, -1465.81995, -500.3815, 10.030760000000019
948, -1479.50828, -500.36572, 2.9241300000000425
1418, -1479.31624, -500.38404, 249.49989000000002
982, -1500.0, -500.93117, -0.4999899999999968
1203, -1480.0207599999999, -500.44121, 247.99969
1206, -1478.69033, -501.91847, 248.99979000000002
962, -1497.77652, -501.48649, -0.42065999999989584
1219, -1459.04626, -500.23064, 248.99992999999995
1500, -745.84993, -20.98980999999998, 249.50019999999995
1500, -751.82907, -21.374159999999954, 249.4999
943, -1479.7186399999998, -500.48686, 0.06634000000002249
1427, -1460.02711, -501.79174, 247.49966000000006
980, -1480.4033, -500.34081, 14.954649999999926
1201, -1500.00278, -500.96099, 249.49989000000002
1500, -783.0370799999998, -20.996609999999954, 249.5
1456, -1460.12176, -500.70857, 249.50005000000004
1451, -1478.8817, -500.4451, 249.49989000000002
960, -1472.2626599999999, -500.08162, 0.06514999999999604
960, -1479.88089, -500.34873, 2.060900000000019
963, -1479.43386, -504.21901, 0.09318000000002158
1216, -1460.12691, -512.69281, 248.99985999999998
980, -1479.89292, -500.49807, 1.7790800000000218
1440, -1458.7126600000001, -500.87363, 249.50005
971, -1479.15238, -500.22845, 2.4476999999999016
950, -1499.4562799999999, -500.98724, -0.4920799999999967
971, -1497.3688100000002, -500.96802, 0.031199999999944605
1207, -1499.45757, -500.79214, 249.5000100000001
1500, -782.29909, -14.002080000000063, 249.00008999999983
945, -1494.87635, -500.55478, 0.14525999999998396
978, -1482.01225, -500.19331, -0.01810999999999119
963, -1499.7932899999996, -500.48738, -0.41933999999997157
1206, -1459.87325, -501.12361, 249.00001000000003
1457, -1458.18807, -510.59877, 249.00002
1500, -482.88764999999995, -21.08193999999998, 249.49989000000002
1201, -1459.1602200000002, -500.16812, 248.99979000000002
1220, -1459.7121000000002, -500.97753, 249.00000999999997
977, -1479.69444, -500.41429, 1.8855399999999016
1206, -1479.18152, -500.51899000000003, 249.49996999999996
1198, -1478.3575100000003, -500.79098, 249.4999700000001
973, -1500.0, -500.98953, -0.4995699999999914
972, -1478.5785300000002, -500.08152, 0.16728000000002297
958, -1500.0, -500.48781, -0.49618999999999125
975, -1500.0000000000002, -502.32101, -0.41985999999999685
1218, -1499.82193, -500.96001, 249.00012999999996
973, -1479.28598, -500.7848, 9.980340000000005
1431, -1483.89667, -500.47309, 249.50006
978, -1496.76553, -500.73769, 0.20987999999995877
958, -1478.9105900000002, -500.27228, 2.127469999999962
1500, -521.75694, -20.975319999999982, 249.50005000000004
1218, -1478.96396, -500.54222, 249.50003999999993
963, -1479.38674, -500.5163, 14.631800000000016
1500, -748.67554, -20.936669999999953, 249.5
1500, -268.35452999999995, -22.121970000000125, 249.50000000000003
948, -1496.7001, -501.16033, 0.7678400000000032
1500, -793.61986, -21.000200000000007, 249.4999700000001
1460, -1500.03768, -500.28254, 249.4999700000001
1500, 567.3923599999999, -20.36632, 249.00025
967, -1500.0, -500.4865, -0.4995299999999858
1189, -1458.26909, -501.40495, 247.99965
1209, -1479.20951, -503.27083, 249.49990000000014
1500, -769.83896, -21.01271000000026, 249.49990000000014
1500, -788.6863599999999, -20.933510000000076, 249.49989000000002
944, -1481.83743, -501.01186, 0.01919000000000004
1500, -535.6183199999999, -20.998209999999983, 248.99985999999998
964, -1479.5532200000002, -500.37396, -0.015559999999981144
1430, -1479.50888, -500.25846, 248.99985999999998
970, -1484.01732, -500.70772, 0.004470000000000862
1500, -771.08196, -22.486090000000072, 249.49996999999996
1194, -1486.0059899999999, -502.01417, 249.50007
1500, 253.70642000000018, -20.993520000000004, 249.49989000000016
1500, 57.51654000000002, -21.218329999999934, 249.5000499999999
1500, 243.98222000000004, -20.89293999999998, 249.49989000000002
965, -1500.0, -500.48448, -0.4973799999999557
1500, 284.2252800000001, -21.117239999999956, 249.50011999999987
1500, 1548.5803999999998, -20.99700999999998, 249.50011999999987
1453, -1459.8374900000001, -500.32243, 249.50007999999997
958, -1479.6966, -501.77164, 0.02399000000010476
1197, -1459.61103, -500.31057, 248.99993999999992
1500, -252.88497999999993, -21.118659999999984, 249.50011999999987
953, -1500.0, -500.98802, -0.4996500000000026
1450, -1438.2315199999998, -500.17283, 249.00005000000007
1459, -1458.9933999999998, -500.42114, 248.99986999999996
1500, -735.70009, -20.9933300000001, 249.00009000000006
1500, -529.2291600000001, -20.495770000000036, 248.99985999999998
1215, -1500.16017, -506.45344, 249.49989000000002
1500, -807.6264300000001, -20.993789999999983, 249.5000499999999
1500, -743.7284, -15.499229999999997, 249.00001000000003
1500, -535.85589, -20.92942999999998, 249.49996999999996
1196, -1499.12931, -501.95886, 248.9998700000001
1206, -1480.00485, -500.78613, 248.99978000000004
967, -1500.0, -500.98696, -0.4995399999999961
1206, -1458.4222499999998, -501.24619, 248.99985999999998
1421, -1500.0162799999998, -505.83609, 249.50004000000007
1297, -1814.68056, -500.87966, 27.424910000000047
957, -1474.71395, -500.30129, 6.44018999999993
1500, -4.396579999999972, -20.972789999999947, 249.50005000000004
1500, -270.9138499999998, -21.51663000000012, 249.50011999999987
954, -1479.05975, -509.04324, 23.08049000000002
1500, -499.1110300000001, -21.443959999999855, 249.49989000000002
1197, -1481.68013, -501.77353, 249.50000000000003
1435, -1480.05701, -500.7813, 249.4999
1500, -726.1121499999999, -20.570109999999936, 249.49988999999988
980, -1500.0, -500.40218, 1.450630000000019
1500, 315.781, -20.99594999999998, 249.49990000000014
1500, -481.93004, -20.943180000000016, 249.49989000000002
1217, -1499.2701100000002, -500.28831, 249.00004999999993
1500, 30.067019999999886, -20.991309999999977, 249.50011999999987
1500, -32.05171000000007, -20.983999999999977, 249.50012000000015
1500, -248.27442000000002, -20.95878999999995, 249.50001
954, -1499.54485, -500.45851, -0.41937999999995573
989, -1478.2862999999998, -500.49962, 0.20678999999995895
