250, -186.87835000000004, -1.1448199999999682, 0.5529900000000412
250, -185.63714999999996, -2.5328799999999174, 2.8108200000000245
250, -186.68355000000003, -2.9799599999999185, 3.0880699999999646
250, -170.95794999999995, -1.60914000000004, 17.696599999999947
250, -181.38669000000004, -1.8474700000000543, 7.952289999999939
250, -180.94341000000009, -1.5671999999999586, 5.029749999999991
250, -191.15856000000002, -1.709069999999966, -0.4607300000001202
250, -192.02445999999995, -2.0004299999999375, -0.4990000000000379
250, -189.45768999999993, -1.1571100000001233, -0.424759999999956
250, -164.66684000000006, -1.5637799999999835, 31.37510999999993
250, -196.77778999999998, -1.015179999999899, -0.4866800000000032
250, -193.66502000000003, -1.5371899999999716, 1.6486800000000401
250, -182.00919000000005, -1.5845499999999335, 4.04875999999993
250, -186.22225, -1.4914499999999598, 1.689349999999994
250, -189.78627, -1.7545800000000573, -0.4948500000000379
250, -188.00509000000005, -1.0543300000000984, 0.3075300000000185
250, -185.04656000000006, -1.5071199999999119, 3.2623499999999837
250, -172.70032999999998, -1.9250200000000395, 15.35799999999998
250, -187.98841000000002, -1.0121500000000982, -0.3733599999999717
250, -182.67906, -1.3501200000000768, 7.229260000000018
250, -154.35173000000003, -1.7050300000001029, 30.12275999999997
250, -187.63743999999997, -1.5160299999999116, -0.4239500000000379
250, -186.99557000000001, -1.1285899999999816, 0.05528000000005662
250, -190.02357000000003, -2.500529999999941, -0.4997999999999081
250, -187.93442999999994, -1.5030099999999118, -0.4111000000000378
250, -180.26898000000003, -1.5432300000000787, 6.895319999999947
250, -178.15774999999996, -1.737620000000042, 14.59248999999999
250, -166.68845999999994, -1.621849999999887, 17.48861999999993
250, -192.26254, -3.1857999999999693, 2.98333999999993
250, -193.40510999999998, -1.1004400000000158, -0.3983099999999781
250, -193.97978999999998, -1.2021300000000623, 0.5544800000000336
250, -170.74691, -1.7735900000000138, 22.686489999999946
250, -193.4334500000001, -1.516770000000054, -0.2918400000000376
250, -196.91766000000007, -2.9195499999999432, -0.37061000000006755
250, -197.52548000000004, -3.0002600000000257, -0.4999499999999557
250, -196.52739999999994, -1.5003199999999595, -0.4999499999999557
250, -185.85260999999997, -1.5139899999999817, 2.4603399999999844
250, -192.89882000000003, -1.4998499999999715, 2.2102300000000663
250, -196.06449, -1.3972499999999877, -0.419300000000038
250, -191.99904000000006, -1.563719999999994, 2.7740300000000406
250, -191.89851, -1.162360000000016, 1.81056999999993
250, -189.19669000000005, -1.5001699999999119, 6.249510000000022
250, -195.40006999999994, -2.4069100000000256, -0.4891499999999557
250, -191.89691, -1.375189999999988, -0.4700100000000379
250, -163.07358999999994, -1.2393000000000143, 29.217600000000026
250, -190.71328, -1.4771800000001019, 1.8540799999999806
250, -193.82810999999998, -1.0845500000000758, -0.47960000000000325
250, -173.02685000000002, -1.760580000000096, 20.589150000000004
250, -194.02244999999994, -2.758879999999966, -0.41877000000003795
250, -191.76624999999996, -1.4996599999999436, -0.4414300000000376
250, -189.97352000000004, -1.39258000000002, 0.2902199999999522
250, -185.99489000000003, -1.1953899999998985, 4.8213999999999455
250, -179.32026999999994, -1.347350000000076, 7.964100000000018
250, -200.75749999999996, -2.004920000000104, -0.4862599999999781
250, -199.52636999999996, -1.4999400000000662, -0.4995800000000372
250, -190.90569999999994, -1.342459999999982, 7.296580000000066
250, -194.89754, -1.1796400000000506, 2.9939700000000657
250, -195.77610000000004, -1.1277500000000158, 1.8779300000000405
250, -195.60911000000007, -1.2669100000000983, 2.2680500000000188
250, -185.0114, -1.6286999999999319, 13.368490000000017
250, -201.02531, -1.500170000000054, -0.49973000000008483
250, -192.61454000000006, -1.6717399999999571, 12.549420000000012
250, -201.19948999999994, -1.1945000000000063, -0.495460000000038
250, -200.02502000000007, -1.0002200000000983, -0.4996500000000026
250, -200.79705000000004, -1.6323099999999497, -0.4953300000000033
250, -193.98448000000008, -1.1355599999999555, 0.454280000000034
250, -202.02675, -2.563559999999931, -0.49822000000003797
250, -194.36287000000004, -1.7278100000000163, 3.9862199999999737
250, -201.36766000000003, -1.2220599999999375, -0.48942000000000346
250, -189.11607000000004, -1.3457599999999563, -0.2028000000000374
250, -194.82389999999998, -1.1712400000000156, 1.947290000000066
250, -198.34192000000002, -1.043839999999874, 0.732989999999984
250, -192.31147999999996, -1.522709999999912, 1.5723000000000664
250, -196.56984000000006, -1.556829999999969, 10.705999999999989
250, -193.20440000000002, -1.3058499999999806, 1.3671499999999903
250, -197.43128000000002, -1.285419999999955, 3.8432300000000597
250, -196.10802000000007, -1.6205799999999497, -0.4501000000000423
250, -193.21411, -1.5902399999999117, 3.84276
250, -197.89233000000002, -1.8130200000000163, 15.755949999999956
250, -196.6785, -1.0827900000000759, -0.4941600000000034
250, -196.74526999999998, -1.16380000000007, -0.43280999999997793
250, -198.14738, -1.1917999999999433, -0.4607600000000381
250, -196.02737000000005, -1.5002400000000193, -0.4997299999999427
250, -196.83094999999997, -1.205579999999934, 0.15997000000005013
250, -191.30160999999998, -1.5432000000001245, 5.410230000000007
250, -195.66654000000005, -1.174160000000016, -0.4064099999999781
250, -194.6481, -1.2631900000001233, 3.2234299999999934
250, -192.55060000000003, -1.7938300000000185, 7.783869999999981
250, -194.56460999999996, -1.2380599999998738, 1.3248000000000189
250, -190.62670000000006, -1.3742699999999808, 6.670920000000066
250, -192.97347000000002, -1.530529999999981, 9.73945000000004
250, -195.91376999999997, -1.3459599999999328, 5.9329300000000496
250, -197.52502000000007, -2.0567800000000354, -0.4996500000000026
250, -195.33625999999995, -1.079030000000016, -0.49549000000007254
250, -189.05878999999996, -1.3958099999999807, 2.437919999999952
250, -198.52706999999995, -1.0002200000000983, -0.4996500000000026
250, 59.49466000000004, -20.908400000000015, 248.99994000000007
250, -198.19933999999995, -1.101629999999956, -0.4099299999999781
250, -194.14252999999997, -1.3698400000000754, 7.153479999999984
250, -191.73348, -1.3324800000000159, 6.607170000000007
250, -172.46869999999996, -2.2915100000000166, 22.16651999999998
250, -193.27771000000007, -1.1844500000000986, 1.8358400000000663
250, -197.54208999999994, -1.068080000000016, 0.21317999999995885
250, -196.72012, -1.173340000000076, 0.826480000000025
250, -199.52599000000004, -1.5834199999999377, -0.41214999999989593
250, -194.89970000000002, -2.8376000000000134, -0.11930999999997693
250, -180.04772000000003, -1.6614499999999799, 7.526430000000058
250, -184.80372999999997, -1.3597299999999823, 2.216680000000041
250, -175.48639000000003, -1.2064299999999817, 7.83771000000004
250, -189.1646, -2.156189999999941, -0.49099000000000337
250, -186.88681000000003, -1.1641399999999815, 0.9124400000000406
250, -188.82356000000001, -1.7409699999999375, -0.41755999999997806
250, -188.62793000000002, -1.1027099999999594, -0.498379999999978
250, -189.74435999999997, -2.336619999999941, -0.41576999999997805
250, -190.50619, -5.024639999999999, 3.4105500000000184
250, -188.00822000000002, -1.0727399999999812, -0.0853699999999813
250, -189.04037000000002, -1.5003199999999595, -0.5001000000000033
250, -184.48936000000003, -1.2020100000001233, 2.8396900000000187
250, -189.80255999999997, -2.2355199999999407, -0.4957100000000033
250, -184.73362000000003, -1.2568399999999817, 5.087910000000019
250, -188.94349999999994, -1.1595600000000976, -0.38927999999997853
250, -195.61008999999996, -1.4910199999999376, -0.4954400000000032
250, -189.24589, -3.500750000000039, 16.57441999999994
250, -193.38287000000003, -1.1046599999999813, 0.7666900000000187
250, -193.11468999999994, -1.168589999999956, 2.545230000000041
250, -189.94909999999996, -1.0230300000000159, -0.48481999999997816
250, -186.23875, -1.2559699999999807, 0.5673700000000341
250, -190.94489000000004, -1.0301099999999814, -0.48289999999997807
250, -182.01224000000002, -1.7456900000000175, 7.772019999999946
250, -189.91652999999994, -1.058690000000016, -0.46831000000003814
250, -182.58055000000007, -3.446469999999909, 16.490360000000027
250, -197.30458, -2.826310000000038, -0.42015999999997805
250, -192.83443, -1.27189000000005, 3.478289999999964
250, -196.25968999999998, -2.053479999999931, -0.4629299999999781
250, -195.00326999999987, -1.5003199999999595, -0.35761999999998784
250, -186.35868999999997, -1.6944899999999796, 15.24329000000004
250, -197.01121000000006, -2.1244099999999406, -0.49096999999997804
250, -195.79480999999993, -1.6607799999999375, -0.4847299999999781
250, -195.76348999999996, -3.0533599999999432, 0.9181300000000592
250, -198.52547, -3.000339999999966, -0.4996500000000026
250, -198.45250000000007, -6.904240000000012, 2.4814000000000282
250, -193.68223999999995, -1.0355699999999812, 1.9365200000000407
250, -196.29209999999992, -1.0147799999999814, -0.4939299999999781
250, -181.76188000000002, -1.4675099999999808, 10.167040000000041
250, -195.67136000000005, -1.0705399999999816, 0.5386800000000407
250, -197.50678, -1.202619999999941, -0.42356999999997813
250, -199.18977999999998, -3.019010000000099, -0.44818999999997833
250, -196.32458999999994, -1.0092600000000982, -0.4957400000001202
250, -162.80595000000005, -2.157159999999987, 24.822400000000016
250, -197.04207999999994, -1.0002200000000983, -0.5000999999998612
250, -198.36854, -1.7963299999999407, -0.4863699999999781
250, -193.39544999999998, -1.1408299999999816, 2.581469999999997
250, -186.35330999999994, -1.545189999999983, 4.505120000000041
250, -193.43132999999995, -1.085029999999982, 0.1698300000000592
250, -191.50606000000005, -1.4840200000000612, -0.4793600000000034
250, -196.69766999999993, -2.155349999999941, -0.4926199999999781
250, -196.58360999999994, -1.0895099999999815, -0.48490999999997814
250, -190.52057999999994, -1.2900600000001228, 4.36930000000004
250, -189.89240999999993, -1.419639999999982, 6.209420000000062
250, -198.98264, -3.430700000000039, -0.4803200000000034
250, -194.54155, -1.5003199999999595, -0.5000999999998612
250, -186.39215000000007, -1.0972000000000983, 0.08872000000001856
250, -187.25477000000006, -1.0977199999999814, -0.42049000000000336
250, -186.10309, -2.478739999999941, 0.2881000000000187
250, -173.41626, -1.5001299999999818, 5.7819900000000635
250, -188.04016000000004, -1.0795799999999813, -0.4988800000001202
250, -187.70151000000004, -1.0818199999999563, -0.41924000000000333
250, -188.54027000000002, -2.000419999999963, -0.5000999999998612
250, -189.79694999999998, -1.1891299999999594, -0.4955699999999781
250, -184.62459999999993, -1.5103799999999812, 8.37578000000004
250, -190.37093, -1.1642799999999562, -0.33949000000000334
250, -190.42445999999998, -2.0254000000000794, 4.257830000000019
250, -176.40972999999997, -1.6757799999999556, 14.681710000000038
250, -184.41968, -1.1563799999999813, 3.569470000000062
250, -172.55784999999997, -1.409449999999981, 15.725439999999939
250, -188.53611999999993, -2.4553500000000574, -0.41766999999997806
250, -159.63355, -2.2230999999999845, 40.6082
250, -186.09553000000002, -1.211100000000076, 1.5381200000000241
250, -188.83051, -1.63952000000007, -0.48701000000003797
250, -189.20089000000002, -2.492309999999928, -0.48843999999997806
250, -183.18571000000003, -1.1695499999999825, 4.415019999999965
250, -192.00331999999997, -1.1631799999999815, -0.1923999999999375
250, -195.37906000000004, -2.2513800000000352, -0.4484499999999254
250, -195.94562, -1.9662300000000097, -0.4773800000001202
250, -195.59108999999992, -1.0546800000000414, -0.4579799999999304
250, -190.24979999999994, -1.2063700000001232, 3.755010000000018
250, -197.02568, -3.000339999999966, -0.49971999999996797
250, -196.88002, -2.011340000000044, -0.39373999999993053
250, -195.15439000000003, -2.056980000000026, -0.48787999999997805
250, -179.25541999999996, -2.0956499999998734, 16.938719999999975
250, -194.24118000000007, -2.2196999999999756, -0.4941600000000033
250, -195.45815000000002, -1.9981499999999022, -0.4174500000000033
250, -172.39636, -1.2636499999999318, 19.061780000000006
250, -192.09656, -1.3208299999999817, 4.766739999999984
250, -193.20444000000003, -1.0721299999999814, 0.7553799999999016
250, -196.82071000000005, -2.0071299999999375, -0.482860000000038
250, -193.35461999999998, -1.0399900000000162, 2.2303800000000407
250, -191.41766, -1.2810799999999811, 2.2214200000000406
250, -190.02173999999997, -1.5000899999999717, -0.499499999999955
250, -190.23224999999996, -1.4264900000000158, 2.8346899999999646
250, -194.58841999999999, -2.0024100000000096, -0.47855000000003783
250, -188.19589000000002, -1.0883599999999338, -0.4493800000000381
250, -192.74125000000004, -2.2476299999999996, 1.029460000000019
250, -192.33419000000006, -1.157500000000098, 0.14966999999993824
250, -175.22458000000003, -1.8262700000000809, 18.93259999999994
250, -196.68234999999993, -2.711050000000061, -0.49555000000012017
250, -190.95068999999995, -1.4633399999999563, 2.3810300000000595
250, -195.96879999999993, -2.8001600000000613, -0.4181799999999781
250, -199.04251000000002, -3.000640000000061, -0.5001000000000033
250, -183.23900000000006, -1.821130000000124, 10.160350000000058
250, -196.30094999999992, -1.6481199999999374, -0.4903200000001202
250, -197.5038, -1.1109699999999596, -0.4951700000001201
250, -199.38774999999998, -1.1728299999999816, -0.3547999999999779
250, -191.14483, -1.4324500000000984, 3.8500700000000183
250, -185.3052, -1.8280599999999847, 15.46842000000002
250, -199.54262, -1.0002200000000983, -0.5000999999998612
250, -197.68516999999997, -1.2468099999999815, 4.570050000000019
250, -197.0459, -1.1600899999999814, 3.6454200000000183
250, -199.92462999999998, -1.0208099999999338, -0.4893300000000379
250, -193.39567999999994, -1.1522900000000158, 4.108780000000066
250, -201.89839999999992, -2.400529999999978, -0.4946999999998958
250, -198.29189999999997, -1.485550000000054, 0.8348700000000662
250, -190.42294000000004, -1.3118699999999794, 3.92058000000005
250, -196.86243000000007, -1.159949999999934, 0.3942999999999901
250, -197.95675999999997, -1.5011099999999566, 5.809829999999987
250, -198.71588999999994, -2.7386699999999657, -0.4068399999998959
250, -197.64915, -1.2043500000000162, -0.10558000000006995
250, -200.52536000000003, -1.5002400000000193, -0.4997299999999427
250, -197.30279000000004, -1.124269999999874, 1.92067000000005
250, -199.37349000000003, -1.1099400000000539, -0.49057999999997803
250, -191.50973, -1.678469999999982, 5.618589999999943
250, -195.82456000000008, -1.1091599999999813, 1.2246699999999642
250, -197.95304000000002, -1.111450000000016, -0.3642799999999875
250, -172.99129999999994, -1.7220500000000971, 17.702899999999993
250, -193.05953000000002, -1.177739999999956, 1.8097400000000032
250, -196.63614999999993, -1.1451899999999497, -0.479380000000038
250, -196.54046, -1.1624399999999815, -0.42311000000003796
250, -198.21262999999996, -2.715439999999966, -0.495190000000038
250, -197.08456999999999, -1.1977599999999207, 0.6934400000000212
250, -188.2859699999999, -1.6145100000000157, 7.0452199999999525
250, -197.14543000000003, -2.0171700000000476, -0.479589999999978
250, -190.53481999999997, -1.4187600000000289, 11.557259999999982
250, -197.94512999999995, -1.0414700000000159, 0.08224000000002851
250, -194.93722000000002, -1.2830300000000416, 4.289849999999946
250, -189.49172999999996, -1.5890100000000174, 10.013099999999966
250, -187.17901999999998, -1.7918499999999815, 16.06212999999993
250, -202.02652, -2.8186900000000135, -0.498090000000038
250, -199.57385999999994, -1.137469999999956, 0.7494299999999905
250, -202.02461, -3.000339999999966, -0.4997999999999081
250, -191.18464, -1.3213499999999812, 7.324259999999956
250, -181.17353, -1.7653999999999925, 13.339409999999972
250, -201.02538999999993, -2.5002299999999877, -0.4993499999999781
250, -198.42586999999992, -1.1721100000000169, -0.49548999999989585
250, -198.26322999999996, -1.1600699999999338, -0.3413699999999781
250, -190.22895999999997, -1.2877400000000416, 2.577649999999946
250, -196.94653999999997, -2.4182199999999408, -0.4195899999999557
250, -195.94516999999996, -1.2808500000000256, -0.45474999999997795
250, -195.78964000000002, -1.1733299999999813, 0.8254899999999301
250, -196.02455000000006, -2.0002700000000573, -0.4205799999999557
250, -194.7665, -1.2550799999999374, -0.4784799999999781
250, -169.56219000000002, -2.156930000000077, 20.226800000000047
250, -194.04144000000002, -2.0004299999999375, -0.5001000000000033
250, -196.72491000000008, -2.505280000000083, -0.42059999999997794
250, -196.04186999999996, -2.500529999999941, -0.5000999999998612
250, -194.78665999999993, -1.510009999999959, -0.07568000000006148
250, -192.77366999999998, -1.172669999999982, 2.4018000000000184
250, -193.68554000000003, -1.5045499999999594, -0.49038999999997807
250, -191.55325, -1.5811099999999567, 6.529640000000059
250, -194.79214000000007, -1.6459699999999375, -0.42065000000003794
250, -195.01823999999996, -1.5286799999999117, -0.3298199999999434
250, -196.03225000000006, -2.4432399999999657, -0.48525000000003793
250, -192.03158, -1.1227100000000767, 0.9206900000000124
250, -197.02590999999998, -2.418629999999988, -0.49921000000007254
250, -161.55626000000007, -2.3424900000000193, 22.69387999999994
250, -184.90169000000003, -1.1713900000000166, 3.1053700000000317
250, -183.04168000000004, -1.4053500000000185, 4.312809999999985
250, -188.46968000000004, -1.486820000000114, -0.45971000000001605
250, -189.53170999999998, -1.0002200000000983, -0.49987999999999033
250, -189.04037000000002, -1.5003199999999595, -0.5000999999998612
250, -189.76851999999997, -1.7212399999999375, -0.49503999999997805
250, -181.67015999999998, -1.9129300000000993, 8.731350000000058
250, -187.81902000000002, -1.0549400000000162, -0.1940299999999595
250, -185.56583999999998, -1.1341800000000413, 2.5214199999999467
250, -188.03331000000003, -1.4740400000000164, 5.876220000000009
250, -196.88052000000005, -1.93139000000007, -0.48803000000012003
250, -174.44891999999993, -1.725129999999937, 14.728910000000006
250, -196.02447999999995, -1.500249999999994, -0.49987999999999033
250, -186.41600000000008, -1.8024299999999327, 8.555320000000066
250, -193.10825000000006, -1.4740199999999117, 0.5810100000000185
250, -188.99218000000002, -1.2114199999999808, 4.057180000000007
250, -195.73791000000006, -1.6939500000000574, -0.49472000000000327
250, -185.66799999999998, -1.5082700000001004, 3.4254400000000063
250, -193.52431999999993, -1.500170000000054, -0.499499999999955
250, -192.98534000000006, -1.042579999999934, 0.23242000000006624
250, -188.26035000000002, -1.5084300000000161, 2.2287300000000188
250, -191.76365000000004, -1.7470800000000097, -0.4944199999999781
250, -188.02284, -1.0002200000000983, -0.4997999999999081
250, -180.80756000000005, -1.2963699999999345, 1.8359499999999427
250, -188.25856999999993, -1.0044999999998738, -0.4950500000001202
250, -189.52110000000005, -2.0003499999999974, -0.497450000000038
250, -187.56444000000008, -1.017090000000016, -0.03162000000001608
250, -182.64666999999997, -1.500159999999937, 2.652790000000066
250, -191.23716999999994, -1.4012399999999114, 2.115879999999974
250, -195.60753999999994, -1.0670999999999973, -0.4860099999999781
250, -191.47455999999997, -1.7798700000000145, 10.929730000000024
250, -196.59694000000002, -1.7933799999999376, -0.3316800000000033
250, -188.63818, -1.2562300000001236, 3.206459999999945
250, -176.99703, -1.9500899999999688, 11.198090000000027
250, -187.70969000000002, -1.0226899999999817, 0.1958200000000403
250, -189.85620999999998, -1.0695000000000412, -0.4655500000000379
250, -189.91279999999995, -1.6864199999999818, 6.356789999999965
250, -197.42972, -1.422640000000054, -0.4002500000000725
250, -197.47657000000007, -1.5195499999999715, -0.4735300000000032
250, -194.92836999999994, -1.4815500000000064, -0.46299999999997843
250, -187.97050999999996, -1.064720000000098, -0.23512000000000977
250, -184.67564999999993, -1.1442499999999811, 2.2110599999999305
250, -188.83046999999996, -3.00093999999999, 0.21748999999993046
250, -189.52240000000003, -2.5002299999999877, -0.4996500000000026
250, -182.78572999999994, -1.7344099999999718, 4.467369999999931
250, -154.62813, -2.3533400000000437, 19.27173000000007
250, -167.31846999999996, -1.8834500000000487, 18.12251999999993
250, -188.78149999999994, -2.0670799999999407, -0.4823799999999781
250, -171.24981000000005, -1.918579999999972, 14.359490000000058
250, -186.28142, -1.1957099999999, -0.28911999999996585
250, -180.35582000000002, -1.7338199999999726, 7.533570000000056
250, -188.02391, -1.0002200000000983, -0.49957000000006246
250, -180.55642, -1.4996800000000166, 12.097319999999945
250, -190.35223000000002, -1.071359999999956, -0.2719499999999595
250, -195.77087000000006, -1.5058199999999942, -0.4931300000000378
250, -194.9978099999999, -1.5061899999999497, -0.492540000000038
250, -190.87775000000002, -1.5109300000001125, 5.54381999999999
250, -194.76697999999993, -1.047380000000016, 0.20378999999998393
250, -196.30650000000003, -1.4925399999999596, 0.05613000000006618
250, -194.15744999999993, -1.1214000000000768, 1.9147200000000626
250, -195.83101000000005, -1.5000100000000316, 0.0985400000000185
250, -193.83738, -1.086130000000016, -0.49649000000003796
250, -181.30936, -1.9549700000000136, 15.835090000000065
250, -195.83328000000003, -1.040270000000041, -0.42540999999997775
250, -189.81231, -1.903900000000126, 7.548660000000053
250, -191.80798, -1.1875799999999814, 2.5650300000000286
250, -189.89665999999994, -1.568559999999889, 6.108349999999943
250, -198.02299000000005, -2.00019999999995, -0.49987999999999033
250, -197.15100999999993, -1.8706899999999496, -0.4231400000000382
250, -193.68866000000003, -1.3474900000000156, 3.7261100000000402
250, -195.82898000000003, -1.500170000000054, -0.4216500000000034
250, -181.72041999999996, -2.061580000000016, 11.432990000000064
250, -195.23847000000006, -1.5907299999999114, 1.8558799999999427
250, -194.61221000000006, -1.146000000000016, 0.533730000000002
250, -197.77702, -2.0002700000000573, -0.419530000000038
250, -195.90832, -1.0836700000000161, -0.4954799999998957
250, -193.40360000000007, -1.9348900000000095, 1.4327800000000406
250, -178.15966000000006, -1.719509999999993, 14.484860000000062
250, -192.34766, -1.4158999999999722, 4.95998999999993
250, -197.33839999999998, -2.2622799999999876, -0.49327000000001275
250, -191.80446000000003, -1.6627399999999593, 5.699680000000059
250, -197.02454000000003, -2.5004599999999755, -0.49957000000006246
250, -189.23781000000002, -1.1470599999999798, 4.903769999999984
250, -191.06343000000004, -1.593219999999984, 2.058839999999902
250, -189.22403000000003, -1.3452500000000989, 4.959590000000066
250, -193.70614000000006, -1.5002400000000193, 1.6230499999999242
250, -154.45737000000008, -2.5196999999999825, 36.70793000000006
250, -174.95749000000004, -1.762999999999959, 23.53540000000006
250, -194.56850999999995, -1.1114399999999816, 0.10478000000004029
250, -196.51791000000003, -1.5209899999999594, 0.5711200000000591
250, -197.04207999999994, -2.0004299999999375, -0.5001000000000033
250, -198.34583000000003, -1.8227599999999375, -0.4180999999999781
250, -172.65851000000006, -1.7343899999999568, 19.37514000000006
250, -185.54337999999996, -2.469069999999917, 2.9818300000000626
250, -182.99832999999998, -1.5946099999999341, 5.5496100000000625
250, -172.02712999999997, -1.967559999999955, 9.365090000000063
250, -188.95430999999996, -1.4834699999999597, -0.43949999999997824
250, -195.04165999999998, -1.0002200000000983, -0.5000999999998612
250, -192.67059999999992, -1.115910000000098, 1.8417200000000622
250, -193.95349, -1.0428799999999812, 0.6874800000000185
250, -190.47803000000002, -1.5142100000001013, 1.6567000000000185
250, -193.08713000000003, -1.0739699999999814, -0.053939999999981336
250, -193.37266, -1.3642999999999827, 5.679240000000019
250, -193.45469999999995, -1.4359599999999588, 2.14944000000004
250, -198.54240000000004, -2.500529999999941, -0.5001000000000033
250, -193.25127000000006, -1.473859999999959, -0.3505500000000028
250, -197.02060000000006, -1.9377199999999408, -0.49159999999997805
250, -196.58953999999994, -1.1206199999999593, -0.41858000000000334
250, -192.63541, -1.4990499999999596, 0.5407100000000187
250, -192.20482000000004, -1.1641799999999813, -0.34404000000000323
250, -189.42090000000002, -1.1380599999999819, 2.799520000000041
250, -184.93299000000007, -1.6263199999999811, 10.07642000000002
250, -195.48358999999996, -1.2258899999999557, -0.21006000000007008
250, -189.14455000000004, -1.2417400000000989, 2.40616999999993
250, -195.04028, -1.463780000000019, 0.31950000000006273
250, -195.52513000000005, -2.00019999999995, -0.4995800000000372
250, -197.52753999999996, -1.8361199999999376, -0.49785000000003793
250, -194.12697000000009, -1.0778499999998992, 0.902889999999946
250, -193.64515999999992, -1.481100000000054, -0.40282000000003787
250, -183.44419, -1.8115400000000559, 10.037810000000057
250, -197.79854999999998, -2.2768700000000353, -0.4956600000000033
250, -192.89873999999992, -1.5590100000001028, 4.55012999999993
250, -196.84071000000006, -2.2273900000000477, -0.49478000000003797
250, -195.42042999999995, -1.089420000000016, -0.4216999999998611
250, -196.31788, -1.5368199999999659, -0.45435000000000336
250, -193.79736000000003, -1.1578199999999994, -0.08809999999997542
250, -189.33761000000004, -1.0042099999998992, -0.49656000000003797
250, -187.07944, -1.094020000000016, 0.19339000000005013
250, -187.26696000000007, -1.1572000000000986, 0.3727799999999428
250, -186.67536000000007, -1.0624500000000159, 0.6665999999999717
250, -181.86251000000001, -1.0727799999999088, 6.483170000000018
250, -180.63132000000007, -1.6658900000000987, 9.082529999999945
250, -194.98819000000003, -1.1726499999999818, 1.4017699999999644
250, -196.41433000000004, -1.2973399999999409, -0.482019999999978
250, -189.60073999999997, -1.5490599999999932, 8.16814000000005
250, -193.96313000000006, -1.4986299999999717, -0.41943999999997805
250, -191.00004999999996, -1.1541799999999562, 1.5227599999999675
250, -194.27522, -1.783110000000061, -0.4899000000000031
250, -149.63620999999995, -2.0034599999999525, 43.54782999999994
250, -191.35203, -1.1418799999999563, 2.4516300000000184
250, -173.82939000000002, -1.793409999999982, 17.36527000000002
250, -192.02292000000003, -1.1716099999999812, 0.33228000000001856
250, -188.94186999999997, -1.1589299999999814, 0.17259000000004043
250, 60.84116999999996, -20.485850000000006, 248.99978000000004
250, -189.95288, -2.082159999999941, -0.41929000000000327
250, -179.20005999999998, -1.765930000000041, 6.2144499999999745
250, -196.97188, -2.469380000000082, -0.3522100000000572
250, -196.29844999999995, -1.5268799999999816, 6.191009999999965
250, -196.95945999999995, -1.2002899999999497, -0.47721999999997794
250, -187.70063000000002, -1.729949999999958, 9.808310000000052
250, -195.02540999999994, -3.000339999999966, -0.49971999999996797
250, -191.26336, -1.2144499999999563, 2.36021000000005
250, -195.56303000000005, -1.156889999999993, 0.10288000000005626
250, -198.05876999999998, -2.034659999999941, -0.4877900000001202
250, -197.43164000000007, -2.230900000000026, -0.41911000000012016
250, -198.96001, -2.2009399999999406, -0.4949299999999305
250, -195.90882, -1.4885700000000157, 9.082170000000069
250, -175.64685000000003, -1.5869500000000158, 25.484
250, -189.18787000000003, -1.6030999999999573, 0.9954000000000409
250, -198.29202999999995, -1.0060299999999813, -0.41990000000003797
250, -190.85802999999996, -1.2285500000000404, 6.92586000000002
250, -195.90923999999995, -1.1085100000000414, 1.0742400000000183
250, -169.95981999999992, -1.7970499999999845, 22.636149999999958
250, -189.82530000000003, -1.8479599999998997, 13.887209999999982
250, -199.4103, -1.4664499999999498, -0.4869900000000726
250, -198.70623, -1.0263099999999814, -0.4759699999999781
250, -198.81919999999994, -1.110599999999956, -0.3241899999999376
250, -197.83302999999998, -1.8109300000000572, -0.4972399999999081
250, -186.43454000000006, -1.0525499999999555, 6.642500000000007
250, -191.52503999999993, -1.079589999999956, -0.4993999999999781
250, -192.02370000000002, -1.0002200000000983, -0.4997299999999427
250, -185.53401, -1.5955399999999942, 8.39076000000005
250, -191.08295000000004, -1.2624999999999342, 3.2618599999999436
250, -189.27273999999994, -1.2670500000000162, 5.1158599999999845
250, -172.31117000000003, -1.7113600000000728, 20.09621000000002
250, -187.41959000000006, -1.2115100000000418, 2.133260000000066
250, -190.87359999999998, -1.1652199999999813, 0.755519999999984
250, -184.25218999999998, -1.5089500000000167, 5.162550000000006
250, -191.42968000000008, -1.2920800000000194, -0.44974999999992543
250, -191.48197000000002, -1.0825999999998992, -0.4892400000000127
250, -192.95591000000002, -1.058890000000028, 0.3950300000000184
250, -197.02620999999994, -1.5000899999999717, -0.4997299999999427
250, -196.81292, -1.0957499999999336, 0.0059900000000379094
250, -195.22422999999995, -1.1055699999999338, -0.05869999999997155
250, -192.61928000000003, -1.0869199999999086, 0.09436000000003775
250, -188.73596999999995, -1.3849699999999698, 3.98667000000005
250, -194.06604000000002, -1.1664400000000164, 1.402049999999984
250, -187.83375999999998, -1.523479999999875, 9.21781000000006
250, -193.71873999999994, -1.093470000000016, -0.38212999999997804
250, -195.91821, -1.1668299999999339, 0.3531799999999463
250, -193.95911, -1.0342200000000759, -0.4844500000000034
250, -195.28197000000006, -1.1443700000000985, -0.09390999999998773
250, -199.30728000000005, -2.2183400000000355, -0.4951199999999781
250, -195.37861999999998, -1.1286000000000156, -0.047909999999997455
250, -192.39731999999992, -1.6912900000000164, 11.546359999999929
250, -194.13067999999998, -1.5185099999999818, 6.0026599999999295
250, -197.52471999999997, -2.50031000000007, -0.4998000000000502
250, -173.39533000000006, -1.5760299999999816, 27.13443999999992
250, -184.25122, -1.6565299999999827, 18.55990000000002
250, -188.98703999999995, -2.5139700000000826, -0.43831999999993765
250, -185.1323, -1.2805299999999809, 2.249280000000063
250, -137.47783999999996, -1.9415699999999791, 49.601760000000056
250, -188.63516999999996, -1.5264799999999594, 0.3121000000000407
250, -191.46396000000004, -1.160179999999956, -0.20765999999995954
250, -192.65845999999996, -1.099269999999934, -0.4128400000001202
250, -194.28535999999994, -2.5002299999999877, -0.4952500000000625
250, -193.72139999999996, -1.549759999999941, -0.41346999999989587
250, -190.61853000000002, -1.1207800000000534, 0.5551399999999558
250, -192.17143000000002, -1.4297500000000538, -0.3993500000000125
250, -194.29346000000004, -2.2854600000000476, -0.49508000000000263
250, -189.96094000000002, -1.2694499999999809, 2.3692400000000244
250, -173.92634999999993, -1.7633899999999825, 17.922109999999954
250, -191.88848000000002, -1.5002400000000193, -0.45402999999997806
250, -190.17458000000005, -1.1538299999999337, -0.38342999999997796
250, -190.08320000000006, -2.103450000000035, -0.4954599999999781
250, -183.20043000000004, -1.3682600000000544, 2.24420999999996
250, -190.67428, -1.7535200000000097, -0.49377999999997807
250, -190.45810999999995, -1.3051899999999594, -0.49703999999997805
250, -185.37386999999995, -1.4384599999999814, 7.563490000000018
250, -190.88942999999992, -2.225420000000061, -0.48852999999997804
250, -161.02473000000003, -1.7394999999999783, 28.99209000000006
250, -182.09074999999996, -1.4962999999999815, 6.313890000000066
250, -181.77623, -1.4209499999999609, 7.641230000000041
250, -196.3271, -1.9173400000000096, -0.4181100000000127
250, -194.34383000000003, -1.1556199999999814, -0.42011000000012017
250, -195.02632000000006, -1.5003199999999595, -0.49957000000006246
250, -194.39623999999998, -1.5021499999998773, 0.03743000000000629
250, -190.56393999999992, -1.2863799999999326, 3.385090000000041
250, -177.61307, -1.4801700000000162, 9.478169999999952
250, -194.52065000000002, -1.541119999999937, 0.22888000000000241
250, -197.27054999999996, -1.7294600000000573, -0.4958999999999305
250, -185.33568000000008, -1.8195500000000164, 6.1606400000000345
250, -197.52433999999994, -3.000409999999931, -0.49987999999999033
250, -191.87012000000004, -1.1529600000000417, 0.6980500000000345
250, -187.98557, -1.078050000000016, 2.668879999999984
250, -194.02389999999997, -2.0003499999999974, -0.4997200000001101
250, -193.28768000000002, -1.4715700000000542, 0.7737400000000405
250, -195.46472999999997, -2.045369999999931, -0.4475500000001198
250, -196.70859000000002, -2.20091999999994, -0.4948600000000033
250, -194.21209, -1.4249300000000065, 0.7521299999999904
250, -195.82054999999997, -1.34878, -0.47585999999997824
250, -195.65751, -1.500170000000054, -0.4929000000001202
250, -180.37239999999997, -1.7073199999999789, 22.913590000000013
250, -194.07115000000005, -1.650580000000061, -0.4591100000000034
250, -190.28175999999996, -1.6027400000000611, -0.46963999999997785
250, -187.76538, -1.1194899999999812, -0.35394999999994115
250, -194.14758, -2.397690000000061, -0.49679000000000334
250, -173.45716999999996, -2.5828099999999843, 34.93410000000006
250, -186.37776, -1.4157800000000986, 3.398720000000063
250, -193.52408999999994, -1.0002200000000983, -0.49981000000002496
250, -194.04246999999998, -1.472659999999912, -0.33149000000000317
250, -180.02406000000002, -2.1344500000000743, 19.745280000000065
250, -191.61858999999993, -2.5035399999999406, -0.47613999999987056
250, -186.68031999999997, -1.236059999999981, 2.160689999999943
250, -188.52615, -1.053310000000041, 0.5366799999999838
250, -190.52155, -1.0002200000000983, -0.4995799999998951
250, -189.23952000000003, -1.0842099999999815, -0.4935600000000034
250, -192.52562999999995, -2.8344999999999656, -0.420630000000038
250, -189.70962999999998, -1.1483199999999816, 0.8523600000000031
250, -192.66267999999997, -1.0696199999999814, -0.45062000000000324
250, -192.56078000000002, -1.0908400000000162, 1.3156500000000628
250, -196.52900000000005, -1.5181099999999597, 0.4888300000000405
250, -192.33867, -1.6197999999999568, 9.140360000000058
250, -190.26062999999996, -1.5085500000001015, -0.48276999999997794
250, -190.31181000000007, -1.3919500000000613, -0.4549300000000034
250, -189.49861, -1.0144600000000759, -0.48919999999995567
250, -190.35066000000006, -1.4979699999998772, -0.4973299999999781
250, -186.58173999999997, -1.405539999999934, 4.935410000000029
250, -170.78866000000002, -2.059109999999955, 20.39889999999997
250, -189.8053, -1.0996499999999334, -0.4263099999999781
250, -189.90797999999995, -1.077170000000016, -0.4079699999999781
250, -189.22103999999996, -1.1201300000000158, -0.30074000000006995
250, -191.13274999999993, -1.2088599999999312, -0.4516099999999307
250, -190.76875999999996, -1.1152800000000418, 1.1435999999999935
250, -184.76933, -1.6841800000000062, 10.563140000000029
250, -195.02410999999995, -1.9998200000000566, -0.49987999999999033
250, -194.46526999999995, -1.291999999999966, -0.44671999999999046
250, -191.46405000000007, -1.0864200000000164, -0.06107000000002838
250, -188.52175000000005, -1.1505499999998743, 3.106019999999946
250, -191.58482000000004, -1.1180100000000164, -0.4021900000000378
250, -195.81022, -1.0525200000000163, -0.46740999999989596
250, -195.61649, -1.0522700000000418, 0.8166200000000243
250, -195.72855999999996, -1.17213999999995, -0.4792500000000033
250, -192.82917999999995, -1.427390000000015, 3.554719999999981
250, -195.76534000000004, -1.158869999999874, -0.4206000000000726
250, -180.04406000000006, -1.4606900000000178, 7.360380000000067
250, -173.59483999999998, -1.707889999999872, 7.646659999999944
250, -193.23090999999994, -1.187119999999956, 1.02042999999999
250, -194.97869000000003, -1.0595999999999814, -0.4599799999999779
250, -192.95810999999998, -1.1069700000000982, 0.6780300000000661
250, -190.75645999999998, -1.0536399999999562, 0.31294999999997186
250, -172.97053, -2.041539999999973, 10.370709999999947
250, -190.37323000000004, -1.0893900000000167, 4.315139999999986
250, -192.24994, -1.487100000000079, 5.2791499999999525
250, -187.61258000000004, -1.3797000000000148, 5.482859999999965
250, -196.89720999999997, -1.0718499999999813, -0.45666000000003787
250, -191.39639000000005, -1.1434100000000758, 2.5624400000000636
250, -197.75410999999997, -1.5000200000000194, -0.4934500000000379
250, -197.92444999999995, -1.1349699999999596, -0.48712999999997814
250, -190.55089999999996, -1.4509500000000797, 3.8253499999999807
250, -186.0653200000001, -1.4529699999999912, 7.928490000000005
250, -193.40668000000002, -1.4582299999999115, 1.803430000000013
250, -190.81098000000003, -1.1109900000000157, 2.5098899999999453
250, -189.83436999999998, -1.482489999999983, 2.3182400000000625
250, -194.57407000000006, -1.0410999999999562, 0.12698999999998395
250, -189.04037000000002, -2.0004299999999375, -0.5001000000000033
250, -190.63827999999995, -2.4996000000000578, -0.4913200000000033
250, -185.53813999999997, -1.5003199999999595, 3.58615000000004
250, -167.08377999999996, -1.7044899999999563, 20.62131000000004
250, -190.47236999999998, -1.1021099999999815, -0.4174300000001202
250, -191.56340000000006, -2.0575199999999407, -0.49135999999997804
250, -188.93066, -1.4952200000001017, -0.4688799999999814
250, -177.22516000000002, -1.3535699999999817, 10.19382000000002
250, -183.84934000000004, -1.5156499999999817, 4.8397200000000185
250, -187.07702000000003, -1.0358699999999814, 0.21489000000001868
250, -185.40502999999995, -1.5086199999999594, 0.8163399999999965
250, -182.51882, -1.5003199999999595, 3.141490000000041
250, -186.05169000000004, -1.5000899999999717, 0.5554699999999841
250, -171.18719000000004, -1.8589600000000162, 10.841360000000048
250, -182.90601, -1.1478900000000158, 4.392279999999964
250, -185.68417999999997, -1.6838299999999817, 8.743100000000062
250, -174.44720000000007, -1.8593000000000348, 15.061989999999945
250, -168.06574999999998, -1.654490000000075, 20.285929999999944
250, -184.72363000000004, -1.4888599999999819, 4.103350000000068
250, -185.98599999999996, -1.5085799999999716, 1.6020899999999463
250, -179.84929999999997, -1.7551400000000972, 9.285029999999947
250, -180.35165000000003, -1.6510800000000447, 6.336780000000001
250, -188.11279999999994, -1.513040000000019, -0.47136999999989604
250, -190.52443999999994, -3.000339999999966, -0.49964000000002784
250, -188.83371999999991, -1.3390599999999375, -0.46706999999997806
250, -187.05375999999995, -1.5381699999999716, 1.4727400000000408
250, -191.28423999999995, -1.6668699999999377, -0.49479999999997804
250, -189.02657000000005, -1.4911699999999595, -0.48805999999997807
250, -175.70341000000008, -1.8083599999999578, 8.028959999999989
250, -188.66194999999996, -1.089669999999899, -0.4042600000000379
250, -161.38103999999998, -1.556209999999898, 25.774359999999945
250, -174.36463000000006, -1.7410800000000393, 19.87447000000006
250, -175.86514999999994, -1.7894500000000968, 8.43869000000006
250, -191.02524000000003, -2.8195799999999434, -0.4976100000000033
250, -190.52513000000005, -2.0004299999999375, -0.4996500000000026
250, -187.33277999999996, -1.1858899999999817, 0.7900099999999299
250, -191.05372999999997, -2.26132999999994, -0.4935000000000379
250, -192.52471999999997, -2.0004299999999375, -0.4996500000000026
250, -191.38237999999996, -1.106500000000057, -0.4749200000000034
250, -191.79787000000005, -1.2375200000000064, -0.49345000000000333
250, -186.053, -1.7215299999999711, -0.055170000000025254
250, -181.09019000000006, -1.8611899999999792, 7.073379999999956
250, -187.70296000000008, -1.0474400000001234, 0.7926499999999645
250, -186.73944, -1.5003200000001016, -0.3881399999998958
250, -190.02517999999995, -2.00019999999995, -0.4997999999999081
250, -185.66868999999997, -1.5060899999999722, 0.7480999999999272
250, -194.85784999999996, -1.7850199999999408, -0.4207399999999781
250, -197.15983000000006, -1.6161699999999375, -0.48405999999997806
250, -191.93600000000006, -1.1240199999999811, 1.8417000000000403
250, -183.99123999999995, -2.2127199999999547, 27.108120000000042
250, -198.04230000000004, -3.000640000000061, -0.5000999999998612
250, -195.17137000000005, -1.1018999999999561, 0.3634100000000595
250, -198.04230000000004, -2.500529999999941, -0.5000999999998612
250, -196.69815999999997, -3.1753200000000836, 10.95780000000004
250, -175.93164000000004, -1.6996799999999812, 19.02043000000004
250, -193.23092999999994, -1.1111699999999558, 1.8004500000000405
250, -192.56142999999997, -1.1653099999999816, 1.7836300000000405
250, -196.65942000000004, -1.0860199999999813, -0.4420700000001204
250, -192.78653000000008, -1.2860099999999814, 1.4776000000000407
250, -195.44632999999996, -1.0685799999999812, -0.45732999999997803
250, -197.04207999999994, -1.5003199999999595, -0.5001000000000033
250, -196.69457000000006, -1.0993799999999814, -0.42227999999997795
250, -196.23724999999996, -1.0467499999999375, -0.4873599999999781
250, -188.76157999999995, -1.536039999999983, 8.798490000000019
250, -193.05198999999993, -1.1715499999999557, 4.018570000000019
250, -195.87058999999996, -1.0058299999999814, -0.49691999999997805
250, -196.19212000000005, -1.0715699999999562, 1.1040400000000186
250, -187.47631000000004, -1.810749999999981, 18.426990000000064
250, -198.34072000000003, -2.500529999999941, -0.49814000000012015
250, -196.30422000000002, -1.1596999999999815, 1.4876400000000398
250, -186.03592000000006, -1.9445700000000432, 15.695570000000068
250, -197.88758999999996, -1.9153699999999403, -0.48706999999989575
250, -187.10484999999994, -1.8843300000000163, 8.757680000000041
250, -175.57064000000003, -2.164620000000015, 25.299539999999947
250, -197.51263000000006, -1.102680000000076, -0.09515999999999358
250, -178.12202000000002, -2.1954999999999325, 15.938039999999983
250, -194.11844999999994, -1.043920000000016, 0.600829999999994
250, -193.68610999999993, -1.500170000000054, 2.8959999999999457
250, -192.95592, -1.5529500000000196, 4.354830000000006
250, -187.22741000000005, -1.7098600000000164, 6.762449999999984
250, -195.68321000000006, -1.0831699999998738, -0.42184000000003796
250, -192.06726999999998, -1.1240499999999813, 3.806860000000066
250, -192.40814, -1.1677799999999827, 2.1618599999999804
250, -195.84870999999998, -1.043659999999933, 2.595320000000024
250, -187.05039000000005, -1.3714599999999821, 0.9147000000000123
250, -196.05499999999998, -1.1751099999999337, -0.17751000000001604
250, -197.52357000000003, -1.0002200000000983, -0.4996500000000026
250, -188.45260000000002, -1.7087899999999823, 14.331100000000067
250, -197.15142000000003, -1.0815799999999813, -0.4904400000000378
250, -198.52531, -2.0004299999999375, -0.4207399999999781
250, -195.69078000000007, -1.1194500000000873, 1.943459999999984
250, -199.21858, -1.1135800000000506, 0.8521799999999842
250, -199.82836000000003, -1.0465499999999817, 0.0513200000000662
250, -193.38206999999994, -1.5487300000000759, 2.625720000000028
250, -194.52191999999994, -1.4072700000000982, 5.160390000000032
250, -200.0437, -1.0332300000000159, -0.170760000000016
250, -200.25734999999992, -1.171530000000098, 0.692919999999984
250, -194.15463000000005, -1.2905599999999817, 3.7106200000000005
250, -181.73193999999998, -1.3118799999999808, 17.296230000000016
250, -198.12754, -1.083440000000016, -0.33647000000001603
250, -197.72395999999998, -1.5001699999999119, 3.180030000000076
250, -198.46522, -1.692830000000114, 7.479799999999933
250, -198.36834000000005, -1.196169999999982, 1.3266599999999427
250, -196.91826000000003, -1.1857699999999411, -0.4706800000000033
250, -198.04230000000004, -1.0002200000000983, -0.5000999999998612
250, -197.54219000000006, -1.0002200000000983, -0.5000999999998612
250, -190.90541999999996, -2.4749999999999392, 4.2475699999999295
250, -190.79639000000003, -1.147000000000076, 0.6429499999999808
250, -182.59535000000005, -1.6958199999999823, 13.622179999999924
250, -189.71610000000004, -1.1342000000000407, 1.5886400000000185
250, -193.02741999999995, -1.5014699999999717, -0.4957299999999781
250, -191.76072999999997, -1.038850000000076, 0.6848999999999461
250, -189.24351999999996, -1.4204300000000147, 8.526390000000067
250, -195.67757999999998, -1.0822000000000758, -0.05335999999993768
250, -194.02884999999998, -2.50031000000007, -0.49987999999999033
250, -193.02871999999994, -1.3933500000000572, -0.49618999999997804
250, -187.90842, -1.8594399999999567, 0.012699999999927769
250, -191.51373, -1.065900000000054, -0.4254200000000033
250, -188.90443, -1.3115299999999819, 8.92496000000004
250, -190.62443000000005, -1.2690700000000354, -0.45731000000000327
250, -188.19236000000006, -9.133500000000016, 5.915699999999983
250, -191.07650000000007, -2.0548200000000394, 0.10218999999999534
250, -192.02713000000003, -1.5002400000000193, -0.4996500000000026
250, -189.6904600000001, -1.1392499999999561, 0.21628000000001868
250, -193.89602000000002, -1.5099099999999592, -0.49015000000003806
250, -193.41658000000004, -1.0550899999999657, -0.4600500000001201
250, -194.50912000000002, -2.161009999999978, -0.48358000000000334
250, -193.68952000000007, -1.0968400000000984, -0.48571000000000336
250, -180.67212999999992, -1.302850000000042, 11.301490000000026
250, -188.83246000000003, -1.1442399999999808, 5.860240000000061
250, -190.32490000000007, -1.0958999999999564, 2.455500000000066
250, -190.82343999999995, -1.052899999999981, 2.154270000000018
250, -188.99627999999996, -1.0533999999999566, 1.571380000000019
250, -190.88952999999995, -1.028059999999956, 0.7465000000000188
250, -193.48000000000008, -1.684919999999941, -0.4863399999999557
250, -187.07905000000005, -1.1290599999999817, 3.28549000000004
250, -195.29081000000008, -1.0361800000000412, -0.09766000000005715
250, -197.20096000000007, -1.0039800000000982, -0.4962399999998959
250, -196.85954000000004, -1.0092399999999562, -0.4873799999999781
250, -195.58017999999998, -1.3901899999999878, -0.4996500000000026
250, -195.83745000000005, -1.0002200000000983, -0.49971999999996797
250, -195.83760999999996, -1.1173999999999338, 0.05970000000001274
250, -189.79897999999997, -1.649889999999934, 9.168269999999975
250, -193.97412000000003, -1.0893999999999815, -0.07463000000004794
250, -195.18607999999995, -1.1582999999999561, -0.3338699999999781
250, -198.52456, -1.2032999999999594, -0.4861900000000033
250, -191.40921999999995, -1.1794099999999819, 1.4031699999999803
250, -195.04861, -1.115650000000016, -0.20981999999998147
250, -193.70005000000006, -1.2508199999999559, -0.35204000000007285
250, -190.55656000000002, -1.835499999999981, 9.903600000000026
250, -195.17838000000006, -1.1660299999999717, -0.4861400000000127
250, -178.46672999999993, -1.8141799999999808, 6.192220000000041
250, -195.04678999999996, -1.0959300000001235, -0.23964999999998138
250, -192.99991999999997, -1.0813199999999337, -0.35318000000001604
250, -188.81795999999997, -1.3911900000000754, 2.5842100000000667
250, -185.36438999999996, -1.857030000000075, 12.578819999999984
250, -187.35860999999997, -2.0094700000000176, 20.67358000000002
250, -195.93434000000002, -1.066130000000076, -0.02658999999998135
250, -197.3309, -1.1542999999999815, -0.33844999999997805
250, -196.55810999999994, -3.4016900000000425, -0.42014999999997804
250, -193.56512, -2.4958199999999158, -0.16060999999998127
250, -192.54285, -1.1183299999999563, 1.325900000000062
250, -186.46468, -1.267440000000124, 5.183100000000059
250, -179.30151, -1.7172699999999796, 16.17881999999994
250, -193.80731000000003, -1.079589999999956, -0.41888000000012016
250, -193.23528, -1.0519099999999562, 0.33807000000001874
250, 88.38816000000003, -1.4486199999999538, 248.9997799999999
250, -194.74361999999996, -1.6547899999999376, -0.4932399999999781
250, -178.53911999999997, -2.312020000000099, 8.53421000000006
250, -170.26329000000007, -1.5582199999999569, 23.924960000000016
250, -190.19437000000005, -1.0926899999999817, 1.832220000000019
250, -191.20853, -1.3709999999999596, 1.1338600000000594
250, -192.80089000000004, -1.7951799999999376, -0.4968799999999781
250, -190.45640999999995, -1.160190000000016, -0.3892000000001203
250, -190.87369, -1.212749999999994, 0.198030000000057
250, -192.23320999999993, -1.038640000000016, -0.47199000000003766
250, -174.42771, -1.7866199999998744, 21.861790000000063
250, -191.82153999999994, -1.1627200000000983, -0.42528000000001287
250, -194.02405000000002, -2.32664999999994, -0.49891999999989584
250, -187.51950999999994, -1.6459600000000885, 2.9575799999999397
250, -192.44664999999998, -1.512780000000054, -0.47290999999997807
250, -195.02487000000002, -2.0003499999999974, -0.4995000000000971
250, -195.02739000000005, -1.5000899999999717, -0.49963999999988573
250, -193.33745999999996, -1.0935999999999813, 1.0712000000000188
250, -190.97470000000004, -1.2646599999999564, 0.862400000000024
250, -193.25251999999998, -1.5095499999999242, -0.469560000000038
250, -195.0251, -2.50031000000007, -0.4996500000000026
250, -195.22877000000005, -1.5045199999999117, -0.4948699999999781
250, -196.17064000000005, -1.6458199999999876, -0.46894000000003794
250, -191.1497, -1.1806100000000157, -0.08810000000007001
250, -193.08360000000008, -1.528049999999994, -0.24772000000004435
250, -188.41447000000005, -1.349409999999981, 3.907169999999952
250, -193.2549, -1.5633099999999716, 2.4864100000000118
250, -193.53401999999994, -1.8542299999999658, -0.44634999999997815
250, -195.43667999999997, -2.525109999999966, -0.48597000000003787
250, -190.99136000000001, -1.9646899999999876, -0.49580000000003793
250, -191.84388, -2.7903899999999786, -0.4960600000000379
250, -190.08141999999998, -1.6525300000000354, -0.4801900000000378
250, -188.58751000000007, -1.0813199999999563, -0.46286000000000327
250, -188.24168000000003, -1.5303399999999945, 0.2866000000000568
250, -186.12667000000008, -1.166880000000099, 0.6611200000000594
250, -172.98529000000008, -1.5470699999998738, 3.17529999999993
250, -188.47718000000003, -1.493459999999994, -0.41204000000003793
250, -189.34882000000005, -2.257530000000061, -0.41745000000003796
250, -186.69179000000005, -1.1130600000000985, 1.9426500000000626
250, -185.63332000000005, -1.6060700000000883, 2.623200000000069
250, -190.82332000000002, -2.24660000000007, -0.4948000000000033
250, -188.21524999999994, -1.484410000000054, -0.23891000000001605
250, -189.45805999999996, -1.0312900000000158, -0.3482199999999498
250, -191.3345, -2.7489699999999657, -0.42093999999997805
250, -170.94061000000005, -1.9621400000000166, 13.753020000000024
250, -188.49315999999993, -1.5009500000000793, -0.4180300000000378
